[{"raw":"(B) more tests because something always breaks +project @context due:thursday why:because_I_said_so ","text":"more tests because something always breaks ","projects":["project"],"contexts":["context"],"complete":false,"dateCreated":null,"dateCompleted":null,"priority":"B","metadata":{"due":"thursday","why":"because_I_said_so","uid":"V8PS10LEA8MEPCK16L6Q4OSPTBPRN9FC"},"subtasks":[],"indentLevel":0},{"raw":"(A) test +projetB +projecB","text":"test ","projects":["projetB","projecB"],"contexts":[],"complete":false,"dateCreated":null,"dateCompleted":null,"priority":"A","metadata":{"uid":"NOTL588LUFTXP0KIFX4PBP2PQ5U6FHSA"},"subtasks":[],"indentLevel":0},{"raw":"(A) test 4 ","text":"test 4","projects":[],"contexts":[],"complete":false,"dateCreated":null,"dateCompleted":null,"priority":"A","metadata":{"uid":"FOB3XE1JWIQ81V8G0RUPAXFB348UHGT5"},"subtasks":[],"indentLevel":0},{"raw":"this is task two, it has a little bit more text (64 characters)","text":"this is task two, it has a little bit more text (64 characters)","projects":[],"contexts":[],"complete":false,"dateCreated":null,"dateCompleted":null,"priority":null,"metadata":{"uid":"Y9W6K9XS4QY0YX2AGI0QLN48QC6B58Q5"},"subtasks":[],"indentLevel":0},{"raw":"this task has a long description so that we can see how tasks with a really long description looks when the user interface is resized (expanded or condensed) to fit on the screen, really long descriptions must mean the task is complicated (255 characters)","text":"this task has a long description so that we can see how tasks with a really long description looks when the user interface is resized (expanded or condensed) to fit on the screen, really long descriptions must mean the task is complicated (255 characters)","projects":[],"contexts":[],"complete":false,"dateCreated":null,"dateCompleted":null,"priority":null,"metadata":{"uid":"GU78P6SWL57QPT2215YO0QSVE99JLHIU"},"subtasks":[],"indentLevel":0},{"raw":"2020-01-08 test task, predate +projectA age:50","text":"test task, predate ","projects":["projectA"],"contexts":[],"complete":false,"dateCreated":"2020-01-08","dateCompleted":null,"priority":null,"metadata":{"age":"50","uid":"P3TLXXBHTDIBVPXKTP62BSUT890PPRSK"},"subtasks":[],"indentLevel":0},{"raw":"this is a new task due:2021-12-21","text":"this is a new task ","projects":[],"contexts":[],"complete":false,"dateCreated":null,"dateCompleted":null,"priority":null,"metadata":{"due":"2021-12-21","uid":"EDJHV7KIX9Y6U104P0DNW0WBJCQ4OCYD"},"subtasks":[],"indentLevel":0},{"raw":"test3 ","text":"test3","projects":[],"contexts":[],"complete":false,"dateCreated":null,"dateCompleted":null,"priority":null,"metadata":{"uid":"E9MQJS70AWBOH4TR9ECXN1IYJ9M35GMY"},"subtasks":[],"indentLevel":0},{"raw":"test4 ","text":"test4","projects":[],"contexts":[],"complete":false,"dateCreated":null,"dateCompleted":null,"priority":null,"metadata":{"uid":"E6WUBX99OYCNS0TVIEIWOVO9CQ4QO8SS"},"subtasks":[],"indentLevel":0},{"raw":"test ","text":"test","projects":[],"contexts":[],"complete":false,"dateCreated":null,"dateCompleted":null,"priority":null,"metadata":{"uid":"KYM1VGN715VVXR3LLGO6PVVXVBI45XJK"},"subtasks":[],"indentLevel":0},{"raw":"x 2021-12-20 2021-01-10 this is task one (32 characters) teat","text":"this is task one (32 characters) teat","projects":[],"contexts":[],"complete":true,"dateCreated":"2021-01-10","dateCompleted":"2021-12-20T00:00:00.000Z","priority":null,"metadata":{"uid":"TR253BJ5JSNT76IL3BFKHQMQK65FN7Q3"},"subtasks":[],"indentLevel":2}]