[{"raw":"x 2021-12-20 2021-01-10 this is task one (32 characters)","text":"this is task one (32 characters)","projects":[],"contexts":[],"complete":true,"dateCreated":"2021-01-10","dateCompleted":"2021-12-20T00:00:00.000Z","priority":null,"metadata":{"uid":"AHNJE642P8S99WT7Q4QKYSN9BGSUM8JS"},"subtasks":[],"indentLevel":2},{"raw":"this is task two, it has a little bit more text (64 characters)","text":"this is task two, it has a little bit more text (64 characters)","projects":[],"contexts":[],"complete":false,"dateCreated":null,"dateCompleted":null,"priority":null,"metadata":{"uid":"PEJDVOWC6WVW2WQFBMB4S10FW4WFJW04"},"subtasks":[],"indentLevel":0},{"raw":"this task has a long description so that we can see how tasks with a really long description looks when the user interface is resized (expanded or condensed) to fit on the screen, really long descriptions must mean the task is complicated (255 characters)","text":"this task has a long description so that we can see how tasks with a really long description looks when the user interface is resized (expanded or condensed) to fit on the screen, really long descriptions must mean the task is complicated (255 characters)","projects":[],"contexts":[],"complete":false,"dateCreated":null,"dateCompleted":null,"priority":null,"metadata":{"uid":"GRXUT5QG3BRUWU3B8WLBI3GREP6PN5HU"},"subtasks":[],"indentLevel":0},{"raw":"this is a new task due:2021-12-21","text":"this is a new task ","projects":[],"contexts":[],"complete":false,"dateCreated":null,"dateCompleted":null,"priority":null,"metadata":{"due":"2021-12-21","uid":"XVUC1OBGAQ2WRY2N6DAAUJX62AWWNM73"},"subtasks":[],"indentLevel":0},{"raw":"(A) test +projetB +projecB","text":"test ","projects":["projetB","projecB"],"contexts":[],"complete":false,"dateCreated":null,"dateCompleted":null,"priority":"A","metadata":{"uid":"FU981RCQ76RU4E2YAG6KM59A1FONWIEX"},"subtasks":[],"indentLevel":0},{"raw":"2020-01-08 test task, predate +projectA age:40 uid:HRHQW0N2WVP6WCVMHRS3M2SJ2WCU3W6G","text":"test task, predate ","projects":["projectA"],"contexts":[],"complete":false,"dateCreated":"2020-01-08T00:00:00.000Z","dateCompleted":null,"priority":null,"metadata":{"age":"40","uid":"HRHQW0N2WVP6WCVMHRS3M2SJ2WCU3W6G"},"subtasks":[],"indentLevel":0}]