[{"raw":"(B) more tests because something always breaks +project @context due:thursday why:because_I_said_so ","text":"more tests because something always breaks ","projects":["project"],"contexts":["context"],"complete":false,"dateCreated":null,"dateCompleted":null,"priority":"B","metadata":{"due":"thursday","why":"because_I_said_so","uid":"T1XG2ABQ6QF8EYRIMBKMDHVBOWT0IMHM"},"subtasks":[],"indentLevel":0},{"raw":"(A) test +projetB +projecB","text":"test ","projects":["projetB","projecB"],"contexts":[],"complete":false,"dateCreated":null,"dateCompleted":null,"priority":"A","metadata":{"uid":"VFLJ0AVD3UIJOSKHIW5QTD5RBK3T3GWQ"},"subtasks":[],"indentLevel":0},{"raw":"(A) test 4 ","text":"test 4","projects":[],"contexts":[],"complete":false,"dateCreated":null,"dateCompleted":null,"priority":"A","metadata":{"uid":"LIXHEW0T0241AWYO1OEXH8C9N3HH17YQ"},"subtasks":[],"indentLevel":0},{"raw":"this is task two, it has a little bit more text (64 characters)","text":"this is task two, it has a little bit more text (64 characters)","projects":[],"contexts":[],"complete":false,"dateCreated":null,"dateCompleted":null,"priority":null,"metadata":{"uid":"AMSVSU30YIG5LEP9A0XTSD19PPQFX332"},"subtasks":[],"indentLevel":0},{"raw":"this task has a long description so that we can see how tasks with a really long description looks when the user interface is resized (expanded or condensed) to fit on the screen, really long descriptions must mean the task is complicated (255 characters)","text":"this task has a long description so that we can see how tasks with a really long description looks when the user interface is resized (expanded or condensed) to fit on the screen, really long descriptions must mean the task is complicated (255 characters)","projects":[],"contexts":[],"complete":false,"dateCreated":null,"dateCompleted":null,"priority":null,"metadata":{"uid":"RHC2P097JV3QG6B11893T93K3QLV3142"},"subtasks":[],"indentLevel":0},{"raw":"2020-01-08 test task, predate +projectA age:50","text":"test task, predate ","projects":["projectA"],"contexts":[],"complete":false,"dateCreated":"2020-01-08","dateCompleted":null,"priority":null,"metadata":{"age":"50","uid":"LVQB1M5DY0D6EWGTKBCJWTEU2N4UJWV8"},"subtasks":[],"indentLevel":0},{"raw":"this is a new task due:2021-12-21","text":"this is a new task ","projects":[],"contexts":[],"complete":false,"dateCreated":null,"dateCompleted":null,"priority":null,"metadata":{"due":"2021-12-21","uid":"LXC7FUE8KJIDI7WC7U2XY5I4ST00R36O"},"subtasks":[],"indentLevel":0},{"raw":"test3 ","text":"test3","projects":[],"contexts":[],"complete":false,"dateCreated":null,"dateCompleted":null,"priority":null,"metadata":{"uid":"QACEC8S7YDE2V4PK3EOW7N8E452N8DWV"},"subtasks":[],"indentLevel":0},{"raw":"test4 ","text":"test4","projects":[],"contexts":[],"complete":false,"dateCreated":null,"dateCompleted":null,"priority":null,"metadata":{"uid":"N5NGH4RYPX2M5ECA1GJOCR0U3XKA3OCP"},"subtasks":[],"indentLevel":0},{"raw":"test ","text":"test","projects":[],"contexts":[],"complete":false,"dateCreated":null,"dateCompleted":null,"priority":null,"metadata":{"uid":"D3RXT6J7B8W34A90SJPHUSTI2GPHXPR8"},"subtasks":[],"indentLevel":0},{"raw":"x 2021-12-20 2021-01-10 this is task one (32 characters) teat","text":"this is task one (32 characters) teat","projects":[],"contexts":[],"complete":true,"dateCreated":"2021-01-10","dateCompleted":"2021-12-20T00:00:00.000Z","priority":null,"metadata":{"uid":"V3I594A6IBBLOT1EI7ED0LOTRW147QHM"},"subtasks":[],"indentLevel":2}]